{"1st block jayanagar": 12359.253757566756, "1st phase jp nagar": 9726.405917927166, "2nd phase judicial layout": 4048.7011831449663, "2nd stage nagarbhavi": 14381.275720164609, "5th block hbr layout": 6622.1200762730805, "5th phase jp nagar": 5125.691217297703, "6th phase jp nagar": 7326.205543307713, "7th phase jp nagar": 6411.478264070509, "8th phase jp nagar": 5535.718520714686, "9th phase jp nagar": 5065.943928360469, "abbigere": 4070.194815595674, "aecs layout": 4841.772008338319, "akshaya nagar": 5546.576567351513, "ambalipura": 6323.831878099613, "ambedkar nagar": 7447.72466192013, "amruthahalli": 6048.669213878912, "anandapura": 4668.796240425284, "ananth nagar": 3320.3352926715156, "anekal": 3705.4073142802217, "anjanapura": 5198.809311859629, "ardendale": 6010.168506961792, "arekere": 5586.513703697032, "attibele": 3939.409113672177, "babusapalaya": 4081.8126194641336, "badavala nagar": 6315.129107762855, "balagere": 6111.56274008413, "banashankari": 6290.113301934521, "banashankari stage ii": 13672.009607055674, "banashankari stage iii": 6879.17706196616, "banashankari stage v": 5016.754189575918, "banashankari stage vi": 6059.45839627485, "banaswadi": 6261.611758244338, "banjara layout": 6326.295113332397, "bannerghatta": 6722.539104933116, "bannerghatta road": 5867.922249834999, "basavangudi": 9854.951219952485, "basaveshwara nagar": 9952.686739936604, "battarahalli": 4707.663124612865, "begur": 4439.015384018618, "begur road": 3983.3707836861117, "bellandur": 5826.078861979351, "beml layout": 7426.885217563254, "benson town": 12688.815074132432, "bharathi nagar": 4868.326441760513, "bhoganhalli": 6258.091256209534, "billekahalli": 6313.716886971662, "binny pete": 9367.926073148006, "bisuvanahalli": 4037.1796934379263, "bommanahalli": 4398.7264871200705, "bommasandra": 3949.9634928792334, "bommasandra industrial area": 3117.507925890549, "bommenahalli": 15361.577714304702, "brookefield": 6907.977618540686, "btm 2nd stage": 9164.829466964553, "btm layout": 5997.953632845194, "budigere": 5155.500352808599, "chamrajpet": 11541.999664345936, "chandapura": 3041.504808245582, "channasandra": 4281.945267502525, "chikka tirupathi": 4468.307828348118, "chikkabanavar": 4434.760643403183, "chikkalasandra": 4901.01982439269, "choodasandra": 6047.413205858568, "cooke town": 10818.517499738144, "cox town": 9352.170047694248, "cunningham road": 20632.47884418381, "cv raman nagar": 5600.48481962756, "dasanapura": 5111.219658913103, "dasarahalli": 5230.059934347401, "devanahalli": 5758.635561296434, "devarachikkanahalli": 4887.285850482303, "dodda nekkundi": 5743.932342329627, "doddaballapur": 6669.147088432305, "doddakallasandra": 4005.270433606785, "doddathoguru": 3913.220410589338, "domlur": 9715.4623400167, "dommasandra": 3644.1416645188515, "electronic city": 4616.63975281354, "electronic city phase ii": 3834.172520739389, "electronics city phase 1": 4676.471987973464, "epip zone": 6584.7402803905725, "frazer town": 10335.88940218432, "garudachar palya": 5168.602840737249, "giri nagar": 14587.820512820512, "gm palaya": 4501.185825211186, "gollarapalya hosahalli": 4203.979900042955, "gottigere": 4420.268012595581, "green glen layout": 6484.825742581421, "gubbalala": 5349.049927102718, "gunjur": 4683.201773767838, "hal 2nd stage": 19134.461565347232, "haralur road": 5351.962961659311, "harlur": 6780.27739766305, "hbr layout": 8056.291281289258, "hebbal": 7409.811341733773, "hebbal kempapura": 9074.304397078271, "hegde nagar": 6911.960855323893, "hennur": 4988.986071024213, "hennur road": 6131.883560127374, "hoodi": 5943.377277425515, "horamavu agara": 4380.759920049923, "horamavu banaswadi": 4691.691227639455, "hormavu": 4925.245425457794, "hosa road": 5212.868913319276, "hosakerehalli": 8383.525325361998, "hoskote": 4502.306329513191, "hosur road": 5870.712648553373, "hrbr layout": 8947.092850893272, "hsr layout": 5450.6216180775455, "hulimavu": 6563.346581291547, "iblur village": 7365.602217070308, "indira nagar": 13916.496674897775, "isro layout": 6105.83739295667, "itpl": 4690.450479355077, "jakkur": 6565.141753953514, "jalahalli": 6444.826112907089, "jalahalli east": 5077.960779587217, "jigani": 5563.231301577029, "jp nagar": 5957.633075801712, "judicial layout": 8660.425294198378, "kadubeesanahalli": 6838.309303889216, "kadugodi": 5419.275149060796, "kaggadasapura": 4412.0984202425625, "kaggalipura": 5505.112069167504, "kaikondrahalli": 5618.48496575696, "kalena agrahara": 5376.856407851868, "kalyan nagar": 5986.409350098237, "kambipura": 4667.416628227197, "kammanahalli": 7938.711949219693, "kammasandra": 3489.0505031327466, "kanakapura": 4636.249348653579, "kanakpura road": 5253.491645017666, "kannamangala": 5803.293965427046, "karuna nagar": 8398.901813268752, "kasavanhalli": 6103.2955183429585, "kasturi nagar": 8447.651936500582, "kathriguppe": 5981.736081345687, "kaval byrasandra": 4873.320466864573, "kenchenahalli": 5633.999899703331, "kengeri": 4411.283628902578, "kengeri satellite town": 4293.507180006087, "kereguddadahalli": 3259.1503030997137, "kodichikkanahalli": 4589.181241762011, "kodigehaali": 6008.278169976371, "kodigehalli": 8427.803678076298, "kodihalli": 12745.70441272765, "kogilu": 5779.737317560878, "konanakunte": 8317.594020373885, "koramangala": 10522.867862311958, "kothannur": 3817.11717572592, "kothanur": 5483.294629003023, "kr puram": 5035.15629225078, "kudlu": 4784.095400964016, "kudlu gate": 5629.582301989935, "kumaraswami layout": 7065.939570824647, "kundalahalli": 7747.470033595537, "laggere": 7599.987199180748, "lakshminarayana pura": 6974.038063399683, "lb shastri nagar": 5485.417141062672, "lingadheeranahalli": 6613.525330900521, "magadi road": 5486.82936787309, "mahadevpura": 5071.688329134136, "mahalakshmi layout": 12472.407940060728, "mallasandra": 5333.227506718799, "malleshpalya": 5686.999270363287, "malleshwaram": 13479.283507289187, "marathahalli": 5935.937549537993, "margondanahalli": 5299.283494205595, "marsur": 8931.111111111111, "mico layout": 4726.27283251095, "munnekollal": 4719.021320652784, "murugeshpalya": 5606.305828710706, "mysore road": 5418.720640339936, "nagarbhavi": 9002.302126341276, "nagasandra": 5709.347935648472, "nagavara": 6070.296321094557, "nagavarapalya": 6958.361631598015, "narayanapura": 5699.796739714966, "neeladri nagar": 4401.760667982756, "nehru nagar": 5200.040751590703, "ngr layout": 4561.254843585069, "nri layout": 5505.211412309819, "old airport road": 7659.431963102798, "old madras road": 5708.5103777491895, "ombr layout": 7869.249424092053, "other": 7479.3112407942635, "padmanabhanagar": 7063.2427812845335, "pai layout": 5182.957688304984, "panathur": 5894.209540571139, "parappana agrahara": 4084.832932979918, "pattandur agrahara": 4778.6354377912685, "poorna pragna layout": 5548.166343015606, "prithvi layout": 7652.2115318885, "r.t. nagar": 8525.847975863373, "rachenahalli": 5169.413704740141, "raja rajeshwari nagar": 4550.2086662509555, "rajaji nagar": 13628.31001168762, "rajiv nagar": 6407.14600067386, "ramagondanahalli": 5788.397860798483, "ramamurthy nagar": 5667.776130669278, "rayasandra": 4486.135307878156, "sahakara nagar": 7225.518834347819, "sanjay nagar": 7523.49475507867, "sarakki nagar": 11180.69617736392, "sarjapur": 4816.7193816873605, "sarjapur  road": 6127.9142870544665, "sarjapura - attibele road": 4038.897316470755, "sector 2 hsr layout": 6323.04933064558, "sector 7 hsr layout": 9823.324277738826, "seegehalli": 5910.968935555338, "shampura": 4849.051858853751, "shivaji nagar": 8584.907072473847, "singasandra": 4706.933588551841, "somasundara palya": 5165.139584979323, "sompura": 3867.461090687036, "sonnenahalli": 4714.3092383816, "subramanyapura": 5254.373064759622, "sultan palaya": 5830.593747014947, "talaghattapura": 5615.346054604224, "tc palaya": 5603.0056622463235, "thanisandra": 5484.39402212545, "thigalarapalya": 7329.026412189619, "thubarahalli": 5806.883858792826, "tindlu": 5365.292388138081, "tumkur road": 5774.068653213201,